S.No,Rating,Review,Sentiment,Score
1,1,Worst product with worst quality. It seemed used product was sent.,Negative,
2,3,Return policy please,Positive,
3,3,Dissappointed,Neutral,
4,5,Par dobara mangane par rate jyada kar diya,Neutral,
5,4,Price ke hisaab se good,Positive,
6,5,Good product üòÅ,Positive,
7,5,Size prb for change,Neutral,
8,4,Quantity good,Positive,
9,5,Super super super super super,Positive,
10,5,Good quality.,Positive,
11,4,I loved it üòç,Positive,
12,3,Good in febric,Positive,
13,2,"Ok just avarage stitching normal condition 
Ok",Positive,
14,1,"Bad quality product, fitting is very bad,",Negative,
15,5,Good product,Positive,
16,1,"‡§ú‡•ã ‡§™‡•ç‡§∞‡•ã‡§°‡§ï‡•ç‡§ü ‡§Æ‡§Ç‡§ó‡§µ‡§æ‡§à ‡§π‡•à ‡§â‡§∏‡§ï‡•Ä ‡§ï‡•ç‡§µ‡§æ‡§≤‡§ø‡§ü‡•Ä ‡§¨‡§π‡•Å‡§§ poor ‡§π‡•à 
‡§™‡•ç‡§∞‡•ã‡§°‡§ï‡•ç‡§ü ‡§Æ‡•á‡§Ç ‡§µ‡•Ç‡§≤‡§® ‡§∂‡•ã ‡§ï‡§ø‡§Ø‡§æ ‡§π‡•Å‡§Ü ‡§π‡•à ‡§≤‡•á‡§ï‡§ø‡§® ‡§ï‡•ç‡§µ‡§æ‡§≤‡§ø‡§ü‡•Ä ‡§¨‡§π‡•Å‡§§ ‡§®‡§ø‡§Æ‡•ç‡§® ‡§∏‡•ç‡§§‡§∞ ‡§ï‡•Ä ‡§π‡•à ‡§µ‡§π ‡§µ‡•Ç‡§≤‡§® ‡§π‡•à ‡§π‡•Ä ‡§®‡§π‡•Ä‡§Ç
‡§Ø‡§π ‡§ï‡§Ç‡§™‡§®‡•Ä ‡§∏‡•ç‡§®‡•à‡§™‡§°‡•Ä‡§≤ ‡§ï‡•Ä ‡§≠‡•Ä ‡§Æ‡§æ‡§∞‡•ç‡§ï‡•á‡§ü ‡§°‡§æ‡§â‡§® ‡§ï‡§∞ ‡§∞‡§π‡•Ä ‡§π‡•à
‡§Æ‡•á‡§∞‡§æ ‡§â‡§™‡§≠‡•ã‡§ï‡•ç‡§§‡§æ‡§ì‡§Ç ‡§∏‡•á ‡§≠‡•Ä ‡§Ö‡§®‡•Å‡§∞‡•ã‡§ß ‡§π‡•à ‡§ï‡§ø ‡§Ø‡§π ‡§™‡•ç‡§∞‡•ã‡§°‡§ï‡•ç‡§ü ‡§ñ‡§∞‡•Ä‡§¶‡§®‡•á ‡§∏‡•á ‡§¨‡§ö‡•á‡§Ç",Negative,
17,4,Fabric is good,Positive,
18,4,"Only to be used as inner. Thin fabric ,not a sweatshirt.
But a larger size for comfortable fitting.",Positive,
19,3,‚òπÔ∏è achcha nahin hai,Neutral,
20,2,"It's not wollen as advertised, your brand is cheating us customers ... Very very sad n bad ... You must very seriously looking into it. This is a case of fraudulent advertisement n product sent ...",Negative,
21,4,good colour,Positive,
22,5,WINTER KA LIA  ACHA HA YA,Positive,
23,5,size bhi acha qwwaliy value for money,Positive,
24,5,qwality is good,Positive,
25,3,Neck could have been broder,Neutral,
26,1,Lokal Quality,Neutral,
